request_id,doc_id
concurrent-20260816-185757-0003,7f1fe8c6-fcf0-4e88-8e2e-b0ed1d118da9
concurrent-20260816-185757-0004,75195c56-9864-4a1e-bd53-705b7aff384f
concurrent-20260816-185757-0001,21657c7a-ffde-4e6d-861e-2025f814bfc5
concurrent-20260816-185757-0002,69c06fd5-3de2-4687-8d24-c723e858ee05
concurrent-20260816-185757-0005,26d93327-6f92-4ff4-b0cd-cd9f050150ca
concurrent-20260816-185757-0007,b99a9335-e14a-4c30-bf3f-d1d3d00fc451
concurrent-20260816-185757-0008,8347ecdb-e1f7-453b-9c9f-0efe874d719c
concurrent-20260816-185757-0006,987cc96e-5a03-4865-82a3-d6103215ba1f
concurrent-20260816-185757-0012,3ec590a9-9562-4ec1-b902-508fce5039f8
concurrent-20260816-185757-0010,ac9824cd-0547-4683-814e-c6675e9941de
concurrent-20260816-185757-0009,d2dd377c-c90c-47cd-bd81-0d728ba44262
concurrent-20260816-185757-0011,38d3f914-4bd3-44eb-bfec-8160fe1c49a5
concurrent-20260816-185757-0015,55ddad28-abd7-46da-a621-1b0219a1c3ed
concurrent-20260816-185757-0016,3a336168-cc47-4fd3-bdf9-46a2c917e39f
concurrent-20260816-185757-0014,d0784b97-1412-4588-872c-f0fbb7fba2bf
concurrent-20260816-185757-0013,3be868da-ad3f-4548-9515-e1bdb57a90c0
concurrent-20260816-185757-0020,920659f6-fab2-4f1e-8bcc-a8ae4d161b42
concurrent-20260816-185757-0017,0963d94d-f3be-4b07-ae57-9c559c9cb018
concurrent-20260816-185757-0018,a08d3289-3446-4da2-896e-90b8c9da0f45
concurrent-20260816-185757-0019,259b31f3-6c52-4213-bff7-349f88aa977e
concurrent-20260816-185757-0022,31ad066e-95a0-4639-ad66-8a3454520949
concurrent-20260816-185757-0024,218fc2e2-8591-4f40-bb6c-1d6e30152e73
concurrent-20260816-185757-0023,fb53488c-698d-480b-98dc-aa672a5f4b4c
concurrent-20260816-185757-0021,43c545c4-1502-4a36-8cab-06e623c254d7
concurrent-20260816-185757-0027,1bc5c882-2172-40ab-8a7a-1ada5e341c14
concurrent-20260816-185757-0026,32447821-3f2e-4b1e-b89d-8bab4da24be1
concurrent-20260816-185757-0028,adf998b6-f6b3-4af6-b9d3-18cc21edfc40
concurrent-20260816-185757-0025,7ab3bc23-2816-465f-946b-da78085158cb
concurrent-20260816-185757-0032,993e00d7-a32d-4c21-8825-259ae2d724b0
concurrent-20260816-185757-0031,145b8e23-e62b-4705-852a-16ad8a58ecd3
concurrent-20260816-185757-0030,91abd30f-bc3a-4ff8-8dee-b8fdd2ad3a4f
concurrent-20260816-185757-0029,22b43a72-7394-422f-80e2-f0a41842a723
concurrent-20260816-185757-0036,552636ad-5389-48ef-aa81-a462e8a32ce1
concurrent-20260816-185757-0035,9d619335-b158-44de-913e-d5a891f7d3b7
concurrent-20260816-185757-0033,c140b409-8d7e-4995-b1d2-9e25c06a7b62
concurrent-20260816-185757-0034,4a1f2f1f-69ce-4456-9c7b-b9865e102925
concurrent-20260816-185757-0038,afd34435-8cb6-4aa3-a142-96c3beacbbfc
concurrent-20260816-185757-0040,f1eba724-f21d-429b-95d9-5975a8c5ae3e
concurrent-20260816-185757-0039,70d2a7e3-96dc-43ea-859b-62f8c757216d
concurrent-20260816-185757-0037,5f40f1ef-3598-4152-b6ff-a4d70e16d4f2
concurrent-20260816-185757-0044,7765e4f6-c5c0-48c4-a976-215c66616c90
concurrent-20260816-185757-0041,cd22a2e8-daff-401a-8fd2-a1fa19360be1
concurrent-20260816-185757-0043,ad73dc9e-3415-4801-9c34-5bfcae9a39a9
concurrent-20260816-185757-0042,1293948e-5190-4811-8738-5ccbe0601030
concurrent-20260816-185757-0047,9fa2bee3-01b3-44d7-95c5-b2a09be6413a
concurrent-20260816-185757-0046,82a8a22c-307a-4501-a0fc-5b86417f8e33
concurrent-20260816-185757-0048,66001a2c-445d-48f1-94df-46f80e5a1e19
concurrent-20260816-185757-0045,fda667bc-35f0-42dc-b89f-4d4fb5257faf
concurrent-20260816-185757-0049,e410075b-75dd-446b-b043-3dddb28d1cba
concurrent-20260816-185757-0052,54e5e183-861b-487e-bada-2a85beeac1de
concurrent-20260816-185757-0050,0a51feca-79c8-4ea0-9bca-658759312012
concurrent-20260816-185757-0051,69293f6b-7a00-46ff-91c9-e8059977cbbb
concurrent-20260816-185757-0055,da6d258f-34e2-44d9-8997-8c651ce04c0e
concurrent-20260816-185757-0053,4246c4e2-23a8-4a32-a8f1-02ef34f5c9c9
concurrent-20260816-185757-0054,a6da4efa-09ce-4c00-b58a-4c77bfdd651c
concurrent-20260816-185757-0056,f6183d74-6e39-43eb-80f2-a1dd09365112
concurrent-20260816-185757-0059,30a1b492-09da-4183-b235-3d15ee52f64a
concurrent-20260816-185757-0058,803b9454-5372-439a-8200-4fbc0fa2b9e0
concurrent-20260816-185757-0057,5fb0b43c-7646-4870-a428-26e41041252b
concurrent-20260816-185757-0060,6dada6a4-d250-4552-b858-d1080d9d8e5f
concurrent-20260816-185757-0061,f2808e70-ef96-46b2-92e0-7227a3a82fe1
concurrent-20260816-185757-0062,8f3c8408-6345-4302-a253-3c570fbb7bcd
concurrent-20260816-185757-0063,0f69f81f-8ff9-4146-b737-69e229af70ea
concurrent-20260816-185757-0064,e7b4cd99-4c7a-4e35-a7ed-c36994d7a620
concurrent-20260816-185757-0065,7ba72c74-62e1-4ca7-be68-c15d6fde5079
concurrent-20260816-185757-0067,4784f6fe-94d7-46f8-9d76-c90f80bb9873
concurrent-20260816-185757-0066,cc3658fc-5a71-409c-9d2e-9d0c571c0ea6
concurrent-20260816-185757-0068,aa9fa70b-dd74-4314-80e0-e710a34b8977
concurrent-20260816-185757-0071,d4c1e596-fcba-468c-8a21-fdb715297caa
concurrent-20260816-185757-0069,4336866c-8c46-4453-a3a0-16530a5849a8
concurrent-20260816-185757-0070,c508573c-7963-459a-915c-4a43920d729f
concurrent-20260816-185757-0072,8a7c9b5e-5c73-4a13-8369-d533262fc010
concurrent-20260816-185757-0074,b812e8ee-99c5-4002-a13b-6d5dd2de3924
concurrent-20260816-185757-0075,840eb274-1c2b-40c6-b716-3e6c3e1c8c5b
concurrent-20260816-185757-0073,13571521-71d7-418e-bb88-62d74eda97b4
concurrent-20260816-185757-0076,7ba3f8e4-09f9-42c4-893a-09394d7dda94
concurrent-20260816-185757-0078,c02a795d-5f68-45b0-ad80-93e48ac1c0cd
concurrent-20260816-185757-0077,151d667a-7f4a-4aed-acd7-c9c3ff815b4e
concurrent-20260816-185757-0079,b64feb17-6213-49ac-9145-efa82144adac
concurrent-20260816-185757-0080,856239b8-1e28-4fa1-b319-bf79b2e427e5
concurrent-20260816-185757-0082,3c6b84db-8b5a-4e04-af32-30f543bb9bea
concurrent-20260816-185757-0083,554cc010-9dff-4e58-bdb8-9c03a68e2149
concurrent-20260816-185757-0081,58f41392-d400-43e6-ac3b-d3bfeff57669
concurrent-20260816-185757-0084,4933367f-9a5c-4dea-a33f-1d55e4a3e4cb
concurrent-20260816-185757-0087,b88e5bcc-4c73-4060-a045-d4d2474b0eef
concurrent-20260816-185757-0085,1016b2bd-c227-4962-9982-64014505894f
concurrent-20260816-185757-0086,94d7d5c0-3591-4f03-b895-6592560dadbf
concurrent-20260816-185757-0088,a9a2007e-4894-4171-9cdd-f5cbe002b0ca
concurrent-20260816-185757-0090,b949730c-ecbd-4058-bfb7-61adfa093457
concurrent-20260816-185757-0089,0996dfd6-2592-4418-af36-817fec3ba5bc
concurrent-20260816-185757-0091,b308f80f-0580-484a-bf8d-53568f09df73
concurrent-20260816-185757-0092,f0f99edf-abfd-45e1-9d9d-9b33b9f67e5c
concurrent-20260816-185757-0093,d4782471-47eb-4a99-8bfb-7db35543ac30
concurrent-20260816-185757-0094,05d99211-7455-4b64-962f-11246b61c68f
concurrent-20260816-185757-0095,0a32f6db-f892-43a9-9fea-e0d6aecc7eb2
concurrent-20260816-185757-0096,ba4ecc9e-4712-4aca-b86d-9ed97ea94f44
concurrent-20260816-185757-0097,99269ca7-b145-465d-bc6c-2588ea77db5d
concurrent-20260816-185757-0098,eda035cc-f1ff-409d-abf8-a6a8308b8f5d
concurrent-20260816-185757-0099,81c3643a-ccd0-40e4-878e-653764f3c5a5
concurrent-20260816-185757-0100,68e1b3cc-1e09-4899-909d-ac2e429e57bd
concurrent-20260816-185757-0102,4977e075-8539-44a9-9532-b6ab3c08c00f
concurrent-20260816-185757-0101,b8acffbe-afea-4d24-b69c-275d08d4c71c
concurrent-20260816-185757-0103,f0a06d02-e6c7-4ec4-b9d9-4a7ddb07fd6c
concurrent-20260816-185757-0104,6f79b426-3ade-4eb4-b0e1-38817f2d0d20
concurrent-20260816-185757-0105,12a03152-9c41-4be7-ace4-5aefe6041c7f
concurrent-20260816-185757-0106,e464886d-9c93-4aa8-a7bd-656b3e09578d
concurrent-20260816-185757-0107,ab73cb32-bccf-4073-a967-8b486ef3699d
concurrent-20260816-185757-0109,dd1aff01-d38c-4095-8d81-992b0f520963
concurrent-20260816-185757-0110,e9e63002-f0b6-4b31-882a-fb379ad20095
concurrent-20260816-185757-0108,bb33ac5d-24b9-4a7f-a66c-1fe350454195
concurrent-20260816-185757-0111,dac51f33-398a-4a72-85e0-d25ead59ad65
concurrent-20260816-185757-0112,2876c816-45c0-4ac2-a204-79d6acf2e25b
concurrent-20260816-185757-0113,1dc25a40-ca93-475b-bfb8-77ea5f6d1169
concurrent-20260816-185757-0114,5a000930-b732-45e9-b95a-ba8848ef26a1
concurrent-20260816-185757-0115,c784992d-5d15-4d49-8076-9457f020ec5e
concurrent-20260816-185757-0116,2006d66f-241d-467a-8048-9f4635689b90
concurrent-20260816-185757-0117,bc7e478b-7838-433d-bb16-a6eaf44586ea
concurrent-20260816-185757-0118,e1086522-67e9-448d-aa4c-cb63230624c5
concurrent-20260816-185757-0119,5937f14c-4831-4a15-9652-cbb28363ed64
concurrent-20260816-185757-0120,4a7e188d-85e5-4063-b2f5-661031a760d7
concurrent-20260816-185757-0121,ab2fe237-e122-43e2-87a4-8dc2498f6768
concurrent-20260816-185757-0122,6dd051d2-38c8-472c-8d43-91e96fca6ab9
concurrent-20260816-185757-0123,8a1fe8ed-d7f5-4fa3-a9fc-63df504a779e
concurrent-20260816-185757-0125,ac94e2b9-a2cf-403a-a935-2352a8854a8a
concurrent-20260816-185757-0124,03396cd8-dab2-4ea2-be9b-9d5587b67597
concurrent-20260816-185757-0126,13ca2d9b-7e48-43f6-b42f-5e6a57e9e7f5
concurrent-20260816-185757-0127,da07e88a-d1db-4a57-8601-8dc58921f923
concurrent-20260816-185757-0129,7420e4b1-de04-4d25-be5a-43c99c43ff1d
concurrent-20260816-185757-0128,6489da38-2f7b-4ff2-89e3-8ffa59f45266
concurrent-20260816-185757-0130,22887f1b-f215-484f-a83a-1094a7b8f3c3
concurrent-20260816-185757-0131,6b527255-9fc6-4276-9191-0fa331f9f977
concurrent-20260816-185757-0132,19d44ec4-51b7-40ff-906e-8bfa613350dd
concurrent-20260816-185757-0133,2ccfae5e-fe27-425f-a328-818fd00d7d88
concurrent-20260816-185757-0134,11fa3868-cede-4362-85be-db7e5db5fbd8
concurrent-20260816-185757-0135,09596dba-ee59-4ebe-95f7-2bed1662b954
concurrent-20260816-185757-0137,d722f6d5-6cd4-49d2-a3af-327f1aeda73b
concurrent-20260816-185757-0136,03479475-b2fe-4ea8-86ac-c57d8b0dccbb
concurrent-20260816-185757-0138,7cc01c58-c27d-42f0-bae2-68cde1d38c4f
concurrent-20260816-185757-0139,b79d7900-c3d5-449d-93e3-22e24e262c84
concurrent-20260816-185757-0140,2f4d80d3-34d5-419e-987f-ae5db375be6d
concurrent-20260816-185757-0141,d90841d8-5b3f-411e-b2a0-945c2a49024e
concurrent-20260816-185757-0142,27729d95-e3c2-44cf-b944-3b6571834285
concurrent-20260816-185757-0143,46811bb8-1fa5-4a26-8c7b-3594e43fc92d
concurrent-20260816-185757-0145,8812e525-d921-4f6a-b315-aa9aede09fdb
concurrent-20260816-185757-0144,861cda32-5bb9-4a21-8275-fa39278bc404
concurrent-20260816-185757-0146,f7bbed1b-7c78-4722-8268-43b7a133c1d9
concurrent-20260816-185757-0147,4cdf1cc8-e495-4fa4-8770-311b2da7c264
concurrent-20260816-185757-0149,9ac844dc-e17c-4c56-9f44-626df996ca12
concurrent-20260816-185757-0148,e866d813-ad06-4692-985b-41e72daf8cd2
concurrent-20260816-185757-0150,52cf64dc-fe15-4987-85e1-a732129af507
concurrent-20260816-185757-0151,fccb3879-9fc1-4ab5-a5e3-62b0b096754a
concurrent-20260816-185757-0152,803f000f-9800-4c39-9f26-5ae7d6b88a63
concurrent-20260816-185757-0153,45cf6697-2150-4e8d-9ba8-b8f67ac17c1b
concurrent-20260816-185757-0154,080f105a-b006-41e9-8139-040989d9a68d
concurrent-20260816-185757-0155,3560ea8f-9623-478c-a27c-15a2d992f80b
concurrent-20260816-185757-0157,8d8ef0de-d569-4de2-b45e-066b5c6457f4
concurrent-20260816-185757-0156,5d298a44-c17b-4c8b-8cfe-0108a1cc74c6
concurrent-20260816-185757-0158,2e6aa582-4fac-4da0-b3d8-f2ab235fd2eb
concurrent-20260816-185757-0159,02972549-3266-43c9-94f2-081b032a76fb
concurrent-20260816-185757-0161,a208882a-a676-44a9-ab96-b784a377de31
concurrent-20260816-185757-0160,a6607a18-a5c0-41f1-92b6-91377e2c2d29
concurrent-20260816-185757-0162,bb31c230-b753-4c15-96ef-cc283f5a1d2c
concurrent-20260816-185757-0163,a616e5ad-b878-4580-96fb-6b61ffae3892
concurrent-20260816-185757-0164,21892bce-3c1a-4323-a12d-0752b4bad9de
concurrent-20260816-185757-0165,50b1f7dd-1e24-43ae-bc41-826f03422caa
concurrent-20260816-185757-0166,ee3710a9-714b-4661-8205-1a5832a72048
concurrent-20260816-185757-0167,ff2a24c2-d5c5-4c56-8313-9d33eb8fafa2
concurrent-20260816-185757-0168,d1eb7887-b4a1-4301-be9a-5887c41ad21f
concurrent-20260816-185757-0169,eb78d1d8-3194-4a7b-a0b2-410acc8cf748
concurrent-20260816-185757-0170,e77db199-c30b-462d-a6bd-ed4e8fb260de
concurrent-20260816-185757-0171,bcbba18a-3b93-4244-b843-99a8324f6ff7
concurrent-20260816-185757-0173,a8cc3030-c70f-428f-994c-147cd972f9ff
concurrent-20260816-185757-0172,f0a1b503-c669-4c25-ba78-0d0c592648d2
concurrent-20260816-185757-0174,03194d08-f871-4be4-91c3-a131396f1119
concurrent-20260816-185757-0175,391ec176-bd95-40d6-89b6-0af426bb2870
concurrent-20260816-185757-0177,776ef902-27b4-4d7e-b0ce-6786aa5e1cbc
concurrent-20260816-185757-0176,51e7b9f4-d99f-4564-b790-a2c667301387
concurrent-20260816-185757-0178,e765e5d8-3dfd-472b-8cb6-d6bfbb138790
concurrent-20260816-185757-0180,10680627-a8aa-44e1-beb1-d5d5df4f7650
concurrent-20260816-185757-0179,814f6fd5-c49e-4385-af01-5f18fff7f0b3
concurrent-20260816-185757-0181,ea90e4db-b6a7-4945-93e6-08d12e27ca15
concurrent-20260816-185757-0182,f711b734-8fb6-4f52-b2d4-21a80bb089cd
concurrent-20260816-185757-0184,ddabdc59-7093-4796-89b2-7b29b8d82fb9
concurrent-20260816-185757-0183,0a7a9b8b-f64b-403b-a90a-0b08bbfc2e0b
concurrent-20260816-185757-0185,171a95ec-838e-4c85-ac4f-e589f2cfdba1
concurrent-20260816-185757-0187,b281b759-5aea-4e94-a8e8-fbb280ea1ad6
concurrent-20260816-185757-0186,e99c3a2f-210b-44ac-8175-4dabd4b02bd5
concurrent-20260816-185757-0188,e746047b-e1c9-4e46-ab92-f5a2c758461b
concurrent-20260816-185757-0189,1833d22a-bbee-4f6d-a0bf-80a1420cfeb7
concurrent-20260816-185757-0190,92c5944a-e78c-47e5-9afb-14acc4db5140
concurrent-20260816-185757-0191,bfdfd5a4-314c-416d-85fc-e1e10c51a4e9
concurrent-20260816-185757-0192,90dc6dbe-d4b5-46e1-9a15-e10fc7e3ba63
concurrent-20260816-185757-0193,10f389bf-986a-466e-be3e-58e86fa82361
concurrent-20260816-185757-0194,8f56cd43-b74a-4eb6-a393-611c991459c7
concurrent-20260816-185757-0196,c25f2707-1027-4150-a392-d4f102d8f3ed
concurrent-20260816-185757-0197,5d07fafb-c898-435e-adf5-5cd8da8674dc
concurrent-20260816-185757-0195,c6a3025b-37fa-4034-beb7-8fa64dd48ef1
concurrent-20260816-185757-0198,2ea47ffe-e0bc-4563-8b0e-c7736b430410
concurrent-20260816-185757-0199,4f4f9b6e-b054-4812-b92c-0d9f77e7c5ff
concurrent-20260816-185757-0200,afebc490-8787-4b9b-a9b1-5e072436f27d
concurrent-20260816-185757-0201,84d6d40c-6eb6-41be-9ac6-b397b2c33850
concurrent-20260816-185757-0203,eb4aad42-61cb-456b-a5f8-676ac8bab16a
concurrent-20260816-185757-0202,a7032654-a56c-46fc-ac16-4bb41af8dc73
concurrent-20260816-185757-0204,d3201d38-54b9-4785-bcb7-5563b0834e20
concurrent-20260816-185757-0205,a3bfdb3f-602a-4b58-9414-5db153aa9eea
concurrent-20260816-185757-0206,26ace595-bb33-40ca-a8dc-e4fb8254d42d
concurrent-20260816-185757-0208,9d673784-26b0-4e2f-8bcc-a874b31b48f7
concurrent-20260816-185757-0207,a9ec0d1b-9e83-4925-b975-09b268100885
concurrent-20260816-185757-0209,6cbacbfa-f741-4abc-9e76-f3f6f7b2bd3b
concurrent-20260816-185757-0211,5facc9b1-c8e6-4d05-b676-745659166337
concurrent-20260816-185757-0212,fcdde3b4-3bf5-4263-84c3-78b3e5eedbd4
concurrent-20260816-185757-0210,ec69a8f0-f5eb-4bf1-9483-55f51794d6f8
concurrent-20260816-185757-0213,8050c89c-e026-43ff-a395-9c9cc6f52ffb
concurrent-20260816-185757-0216,28164cd8-06b7-4272-9aa5-86e924145739
concurrent-20260816-185757-0215,6740e02e-461e-4c70-824b-b38b9e63f4cf
concurrent-20260816-185757-0214,234c1234-29a3-4b0a-b471-482fbe631695
concurrent-20260816-185757-0217,885d758d-1057-4d4e-8c32-47f1cf313258
concurrent-20260816-185757-0219,5c56d220-915b-42ac-bfcf-fd1e6e3a7a5a
concurrent-20260816-185757-0218,47c7cf0d-8c2d-49e9-94a0-5ae04c2e45e3
concurrent-20260816-185757-0220,eac52dd6-0bf0-40d2-a69a-a3a57304e0e6
concurrent-20260816-185757-0221,50393b94-588c-47cc-9695-6c16e7429917
concurrent-20260816-185757-0223,ad49aee6-8656-4e11-b7d3-34632b5be146
concurrent-20260816-185757-0222,70ee2578-08ef-48c8-8463-1f9e4a2c6e42
concurrent-20260816-185757-0224,5e173788-7a7b-4cca-ae10-8f006785c612
concurrent-20260816-185757-0225,a0a734a0-c1ae-4294-90ad-ebd0e2da677e
concurrent-20260816-185757-0226,6bcb2a31-48a9-43ff-b96d-142a21388728
concurrent-20260816-185757-0227,296a24ff-6f26-41c9-9b79-30337b572bf1
concurrent-20260816-185757-0228,97f242d0-14b1-498f-887a-8788020e07d6
concurrent-20260816-185757-0229,92335d3a-70cf-47f9-b584-c7d175651574
concurrent-20260816-185757-0232,29c758b4-6126-4562-820b-aa4608e1a558
concurrent-20260816-185757-0230,1236fa00-15d8-48b6-9caf-70d80569b9cc
concurrent-20260816-185757-0231,45655409-7cc9-42f4-bbf2-0709a8dc59ba
concurrent-20260816-185757-0233,f882ce29-ea01-4dfd-9ba4-dfd366cc2389
concurrent-20260816-185757-0236,8d274a11-e149-406b-a33e-ec1b4f943d38
concurrent-20260816-185757-0235,42a79dcc-43f8-4dbe-9469-36650ba4617b
concurrent-20260816-185757-0234,8f46bcf3-3b8a-430c-98b1-5c9fd8fccc43
concurrent-20260816-185757-0237,ad579dcc-c181-450c-b4d5-6c58ca7c3906
concurrent-20260816-185757-0238,93edf60b-a2ea-488f-adeb-e74dbdf8e8cd
concurrent-20260816-185757-0240,0e57225a-db7d-4c44-b07f-5fdb1b8cf4b8
concurrent-20260816-185757-0239,eda4e602-5546-4484-9a33-c1921d34b0fe
concurrent-20260816-185757-0241,c7ae2760-3b85-425d-ad49-fe73d49a6b89
concurrent-20260816-185757-0244,59e4adee-fe96-479c-9772-235f8e3c64b1
concurrent-20260816-185757-0242,d19cb962-34b3-4b58-ba1f-e154973a6991
concurrent-20260816-185757-0243,645073f7-d51a-4f48-b102-edfa79740a05
concurrent-20260816-185757-0245,71f04e5e-7c61-4c1b-9897-57887cffe20c
concurrent-20260816-185757-0246,d65fc97b-374b-4308-acd4-1a4006110259
concurrent-20260816-185757-0248,4f8941af-8ba1-4977-b1fb-946a9c8da25c
concurrent-20260816-185757-0247,0000044e-69bf-4e5c-b4a2-cba57708e348
concurrent-20260816-185757-0249,84b73e13-6b23-414b-ba7c-649bef3ef6a7
concurrent-20260816-185757-0251,fceb9bb6-d4ae-404e-a651-b625b8db988c
concurrent-20260816-185757-0252,a04db3ee-225b-48b0-bfb1-f58a379c9fb8
concurrent-20260816-185757-0250,985bed10-8a7e-4982-98e8-d3110fc69e6a
concurrent-20260816-185757-0256,34d723c6-e81e-468b-b6f0-b827debbaaca
concurrent-20260816-185757-0253,e4fdeecb-5b49-49f0-8fbe-4b0be5fe90fd
concurrent-20260816-185757-0255,d879597b-eab1-4ce4-b602-f3bd3744c795
concurrent-20260816-185757-0254,a7f8e5a5-7cca-4291-8e59-55be053b2fdd
concurrent-20260816-185757-0258,afa10ad3-0368-41b6-9b5f-4448452b0480
concurrent-20260816-185757-0259,1f1ee6ba-4bf7-4ee6-a11b-b2707abaa399
concurrent-20260816-185757-0257,b36d76dd-79a6-45d5-8284-0e26b9935588
concurrent-20260816-185757-0260,eee0919e-312e-486a-bd67-3e6dd4fcbd20
concurrent-20260816-185757-0261,d4f8794c-2e4e-4f9c-b652-6a7e43896c24
concurrent-20260816-185757-0262,4611dfb2-cbf7-42e3-9cf2-536904d63f6b
concurrent-20260816-185757-0264,35926b53-0858-4f0b-b8c5-bb2d79fa578c
concurrent-20260816-185757-0263,9f0da2c5-34b0-4f73-8c32-5f22a209b20d
concurrent-20260816-185757-0265,b54910c1-b57c-48d6-95e8-f0adf7429492
concurrent-20260816-185757-0267,07a8d0a7-8aec-4f0e-bed2-9afc9fc216cc
concurrent-20260816-185757-0266,b4525b93-51f0-49d1-a543-13d646db3bca
concurrent-20260816-185757-0268,1ed88f56-cb36-4fdb-8795-1d2d6bea8e30
concurrent-20260816-185757-0271,a371f5ef-7761-48ed-9812-0307c386e28a
concurrent-20260816-185757-0269,aa492a9d-25c8-4d20-a110-65d328af2483
concurrent-20260816-185757-0270,0ff3d98c-9502-411c-b509-d029a9c11d60
concurrent-20260816-185757-0272,16fe0090-b714-4c74-8c91-8ecbc32ef8f6
concurrent-20260816-185757-0274,a729fdd3-3bfc-41ab-95e4-cf05784e132e
concurrent-20260816-185757-0275,47fd8caf-5233-46a5-af3d-0d584f0ca7a8
concurrent-20260816-185757-0273,b5dab15f-df2a-416d-a982-a52bc0a5a2e1
concurrent-20260816-185757-0276,d7c1701e-986d-4224-91bd-4157c5c1dad4
concurrent-20260816-185757-0277,ec0e812d-47bf-4e15-8398-036574ae601d
concurrent-20260816-185757-0278,050430cd-fec0-4664-b276-a3f101802ab2
concurrent-20260816-185757-0279,633c002a-4b9d-4754-9c82-3d9a5b819aa5
concurrent-20260816-185757-0280,fcefbf13-441f-4fda-bc08-ca02687d9ecd
concurrent-20260816-185757-0281,65f1c65a-c9a4-460a-a1c9-ae10e1007a7b
concurrent-20260816-185757-0283,cf24bd81-e4c7-422f-8b65-ca6ea64be3d6
concurrent-20260816-185757-0282,8bef5f05-a99a-48dd-9d23-77a10206bb6f
concurrent-20260816-185757-0284,a4056b68-a672-4836-b249-9b9dc67b1def
concurrent-20260816-185757-0286,29e2a165-f4b7-4720-9830-dfa97fddb8cb
concurrent-20260816-185757-0287,965c9ae6-98b0-425d-902d-ea81eecd793c
concurrent-20260816-185757-0285,e9d61567-6c76-471d-8fa7-f62a8f69dcb0
concurrent-20260816-185757-0288,866b84ab-d695-4d08-a300-0840eede169d
concurrent-20260816-185757-0291,dde0e299-c3c8-4826-865d-b72f09dba9a1
concurrent-20260816-185757-0289,52077375-b9e3-4b29-be14-43e28cf43a54
concurrent-20260816-185757-0290,c3ac0cf9-fcdf-41db-862b-d9732da2c195
concurrent-20260816-185757-0292,8108b4a2-949a-4bdb-abad-b07b51c409b2
concurrent-20260816-185757-0293,c66a4bf0-dc4a-4349-8c81-fa8a1765a4ef
concurrent-20260816-185757-0295,25fad6a7-3dbe-40a0-98c1-f2abf124f402
concurrent-20260816-185757-0294,268ba6da-9804-492d-b7ab-1be71f9eed18
concurrent-20260816-185757-0296,edf747e7-f90a-4dbe-8bdc-c21fcb18570c
concurrent-20260816-185757-0299,e16bee7f-3fb2-4a6f-be92-aa9c79d5b013
concurrent-20260816-185757-0297,692456db-02e3-487a-95e5-1126a74ffda2
concurrent-20260816-185757-0298,7f2c2336-3b6a-497b-a662-483c792c1844
concurrent-20260816-185757-0300,bf8e428e-4028-4838-9c79-39015ee1c4d1
concurrent-20260816-185757-0303,0a7b9438-fb6e-4283-84ad-5c0b35dee6fb
concurrent-20260816-185757-0302,10b667b5-7915-4d3e-8d8f-2850e506bd48
concurrent-20260816-185757-0301,171c962a-aaa2-4163-b85a-9fda1a98f997
concurrent-20260816-185757-0304,c3226cc4-f982-42c8-aebf-14264accf3dd
concurrent-20260816-185757-0307,8a752575-11b6-4dcf-9367-617136be64bf
concurrent-20260816-185757-0306,1e4362f5-f117-4360-86c2-64e1740ac860
concurrent-20260816-185757-0305,a5824921-0d11-4a77-9add-190902e19f50
concurrent-20260816-185757-0308,cdff7414-f8eb-4e16-a998-225e000a5f80
concurrent-20260816-185757-0310,ec3c39a4-bedb-47e6-bcc0-c4fdbf6ad9d5
concurrent-20260816-185757-0311,e2c7e80c-a5b0-44c1-8d01-aa65b285b8d5
concurrent-20260816-185757-0309,d70c5098-3b04-4ba2-8535-33793377099b
concurrent-20260816-185757-0312,22a155fc-d3ce-4972-842a-dff5fa0fa29f
concurrent-20260816-185757-0314,e6683de3-ee0b-4754-b66a-4d71e287b361
concurrent-20260816-185757-0313,c82cb532-90c5-4354-866e-7d36296f5d44
concurrent-20260816-185757-0315,09069c30-216c-4013-a775-ce7e068a6b5a
concurrent-20260816-185757-0316,8941f5f2-f5ae-49b8-80f8-bec59b0a7b95
concurrent-20260816-185757-0318,ec8c84e0-b80d-4a81-9880-053c7714e116
concurrent-20260816-185757-0317,17921d12-79a9-4a1d-a254-e6d8a0ea6cc1
concurrent-20260816-185757-0319,098e388b-d688-4487-b873-3306d6ab4f2a
concurrent-20260816-185757-0320,b73a0438-cd7f-447d-9461-19bdc5c03171
concurrent-20260816-185757-0322,62367e5d-c71a-4537-8745-9b73469c88d7
concurrent-20260816-185757-0321,05092388-16da-444a-a9e4-f8fb2ef89e1f
concurrent-20260816-185757-0323,18357f13-7b1b-498d-8fb8-fe5c82452363
concurrent-20260816-185757-0324,ef739262-c5ed-4f19-9808-4c18d9691b2d
concurrent-20260816-185757-0325,61c77ab4-f3c2-4366-a0b6-067382e3e629
concurrent-20260816-185757-0326,29b93046-a37d-453a-9f70-7b9f9812d99c
concurrent-20260816-185757-0327,ce0decd7-6dfc-46b6-95f9-7b5806f4a60b
concurrent-20260816-185757-0328,b04722b8-d7b2-4b7a-8b8d-54120f4c212a
concurrent-20260816-185757-0329,13d7ec8f-c33c-4fce-892c-b8c7731de72b
concurrent-20260816-185757-0330,a9ad7e7e-7991-4bb1-b872-fd444c04dd6a
concurrent-20260816-185757-0331,a9af9dcc-f110-45f9-93ed-d738ac5a6f65
concurrent-20260816-185757-0334,d36bbb5b-d4ca-425a-83d7-f69024754d48
concurrent-20260816-185757-0332,495d4a49-0cdf-4f56-b685-6839c51a6f7d
concurrent-20260816-185757-0333,213d132d-68da-4af5-aa5c-8d31c67426e7
concurrent-20260816-185757-0335,306d9a9a-e220-4c28-88a5-0e6332e4cbe5
concurrent-20260816-185757-0336,14b3c0d3-1b2e-4408-a644-ec8cfd8da975
concurrent-20260816-185757-0337,9075b06f-c9e9-4bf9-a8ce-804f560178d2
concurrent-20260816-185757-0338,f3da1cd3-3c8c-45b9-8a21-ad6efa503b64
concurrent-20260816-185757-0339,e1839e4b-5f30-43b5-aaba-a1480b3b134a
concurrent-20260816-185757-0340,6a0843b9-4a6e-4b50-8458-1f41e66bd577
concurrent-20260816-185757-0341,0e0af9a6-1200-4a5f-abd6-32a528cb3f1b
concurrent-20260816-185757-0342,ef673ad0-0439-47ce-89b1-602a2417db85
concurrent-20260816-185757-0343,c3c8ce9b-d23a-43e0-a603-6a6d73d14125
concurrent-20260816-185757-0344,6b782ab5-9cbb-40d3-a1d4-fde5e2bb684e
concurrent-20260816-185757-0345,91930e90-681f-4c66-843b-a7075143b868
concurrent-20260816-185757-0346,2d910a19-655f-4b31-adf9-55381b9f967d
concurrent-20260816-185757-0347,b0fb1c8f-c400-4e73-92c0-71f9e1220c6a
concurrent-20260816-185757-0348,4edb0e9a-0fd7-4fea-8ae2-a44ee906a761
concurrent-20260816-185757-0349,6ade3b5b-14a9-4862-814e-f7bf422596b6
concurrent-20260816-185757-0350,3b0ffabf-cf92-4306-8690-a8cc3b23d641
concurrent-20260816-185757-0351,3fdf8609-4626-4fff-9284-e1060e6043f2
concurrent-20260816-185757-0353,7a03f238-6fc0-4dde-b635-573f4c76b972
concurrent-20260816-185757-0354,e1c6b970-c8a0-4b85-b48e-f342f6875d68
concurrent-20260816-185757-0352,2d2d06ee-db7b-40ab-a930-a0d8c1af58ed
concurrent-20260816-185757-0356,0ce3c879-9e70-4ba2-9b03-27f87f7b419d
concurrent-20260816-185757-0355,d508a609-1267-48bb-bc08-7e7b845bdd85
concurrent-20260816-185757-0357,a088a6f7-719f-4235-b825-6aba9f883a8b
concurrent-20260816-185757-0358,2e1879cb-54b6-488d-8aff-1bda743d2a02
concurrent-20260816-185757-0359,5706b763-c641-47a0-88bc-1d5a8443dba9
concurrent-20260816-185757-0360,77bd91af-df93-4e64-9afc-1973eb212af3
concurrent-20260816-185757-0361,c3b4b630-79ff-4714-9936-4879f1b4da34
concurrent-20260816-185757-0362,6edf2970-8e27-4606-826f-1a1dd8a38495
concurrent-20260816-185757-0364,6bec27c2-609d-4fe8-b676-1a95dbc4932f
concurrent-20260816-185757-0365,61640547-5592-47f5-8096-30059f907936
concurrent-20260816-185757-0363,75a07e83-e7e5-4f72-805c-0c70963da7ed
concurrent-20260816-185757-0366,207b9165-1015-4dde-9e68-b5d77136fd9c
concurrent-20260816-185757-0367,6159a787-537c-42ce-b28f-7fd10bdc0fcb
concurrent-20260816-185757-0368,cc2d5f0e-cade-4bdb-a865-25df7404407b
concurrent-20260816-185757-0369,574560fd-b3e2-4319-a552-c7309cfe4cc1
concurrent-20260816-185757-0370,88b5d53d-7b02-47c1-8887-88e4c15c9f73
concurrent-20260816-185757-0372,2297ca84-947b-45bc-84a5-d8864f9ffdc6
concurrent-20260816-185757-0371,798d5972-b094-4c3f-92f5-21e7a663cf27
concurrent-20260816-185757-0373,d7aaea28-7734-453a-97d8-020b92942a90
concurrent-20260816-185757-0374,bedf67a8-6af3-4e56-acdc-b36cc1d52b55
concurrent-20260816-185757-0375,0d0e4b23-12e5-4549-8824-c27b6c1ac9f0
concurrent-20260816-185757-0377,5aca6f50-7a5e-43ba-808b-5070a71ec039
concurrent-20260816-185757-0376,14454985-6549-433d-82ca-4ad7afa50acf
concurrent-20260816-185757-0378,00473878-7422-41f9-a6f4-4456a8b1edf6
concurrent-20260816-185757-0381,9ec5180b-33d9-4952-ac1f-9bf29412bd9b
concurrent-20260816-185757-0379,b9880d22-ae35-4433-8995-e067d0c1535a
concurrent-20260816-185757-0380,f72fc2dc-8553-4ea6-8915-6c6880c539e9
concurrent-20260816-185757-0382,5236c59b-1e1a-4061-add1-319336969047
concurrent-20260816-185757-0384,0e3de9cc-6a3c-4d4a-bf90-132f0fe0dd79
concurrent-20260816-185757-0383,939e48ba-bc57-44be-aa61-ec44e59da925
concurrent-20260816-185757-0385,4c0ce34d-c1d5-4752-ab79-2f7f9d9b9af6
concurrent-20260816-185757-0386,d87dc157-5036-4796-b875-3911d121074c
concurrent-20260816-185757-0388,5d59ef03-ea0e-4935-9473-5d09a5f6601d
concurrent-20260816-185757-0387,ee45d9f8-e23e-4036-9d59-51f91147fb0a
concurrent-20260816-185757-0389,d6488c43-6086-4518-9b26-108e1c9cb34b
concurrent-20260816-185757-0390,ca449eae-f710-43fd-a5cc-11a1819d3e6a
concurrent-20260816-185757-0393,1b0b1777-b453-42d2-9d78-6b66dbdc512f
concurrent-20260816-185757-0392,9cf0161c-15d8-4413-ab40-8fd0c53435c6
concurrent-20260816-185757-0391,e8a482e9-7989-49c6-a5d1-e021f304c14b
concurrent-20260816-185757-0394,79c1821c-f51e-4fb8-a0fb-263f6cdba6eb
concurrent-20260816-185757-0397,9c9c84a9-8fbc-42b6-8eb8-107dd2e28efe
concurrent-20260816-185757-0396,cdfc1ce3-ba32-4495-a633-ae3d0a5e1ba5
concurrent-20260816-185757-0395,a3f715b2-5460-49d3-af52-e97189f6d9cf
concurrent-20260816-185757-0398,38a695df-ba85-4562-b3ff-388c73097083
concurrent-20260816-185757-0399,19caeef4-3fd8-46ca-8860-560d452eed37
concurrent-20260816-185757-0400,f3be2c4e-8878-4b53-92ff-5c632282cc67
concurrent-20260816-185757-0401,902f6fb3-1c59-43b4-95ce-36eb4adbfbef
concurrent-20260816-185757-0402,d418586b-b695-4539-a8ce-e7eecda770e9
concurrent-20260816-185757-0403,d14208df-ea5b-4fa8-954e-ac4422a8afb2
concurrent-20260816-185757-0404,df8d44cf-46dc-4f28-9f0e-cfd54fa477eb
concurrent-20260816-185757-0405,177fefa2-4d0e-4eb5-a1d8-b6e58a3b94a2
concurrent-20260816-185757-0408,fc8ad8d6-a60c-42a5-a102-7bf062d44a7b
concurrent-20260816-185757-0406,9775b291-9e9e-4033-8f00-16e698eee785
concurrent-20260816-185757-0407,480d5e4c-ab75-46af-9305-54cf5d9532b5
concurrent-20260816-185757-0409,6df1bd13-ba76-4128-bfb8-144a6fe0b90e
concurrent-20260816-185757-0410,be52d460-3f74-4144-aeaa-16e511fed313
concurrent-20260816-185757-0411,00e0e263-59f0-4d12-a0ec-ff37d6e4db9c
concurrent-20260816-185757-0412,68b46f40-9876-47e0-bda6-6b9aa8ca2fe5
concurrent-20260816-185757-0413,2c6cc7e6-92c0-45ed-bcd9-218727ac3d29
concurrent-20260816-185757-0415,a1c38f38-8f86-46fe-9aa9-78ac9cda1bed
concurrent-20260816-185757-0416,07b74c96-e931-4742-aae1-c24e830b20e3
concurrent-20260816-185757-0414,dba6bc6b-fc64-45f3-a156-42c311d88a1f
concurrent-20260816-185757-0417,91aa4171-8627-4e18-bad0-34fae44204f8
concurrent-20260816-185757-0419,2d00e9a6-4b72-4099-83de-32d7ac50de9a
concurrent-20260816-185757-0420,bafdc67b-a804-4f23-9916-fdd7ba58057a
concurrent-20260816-185757-0418,8b1e5da2-7cda-4a0c-99ed-dc1c12e96d89
concurrent-20260816-185757-0421,d4e74368-07ca-4283-ae53-8a9d620ff6c8
concurrent-20260816-185757-0423,75c3a95f-a628-4680-a0f8-3ec61a60127b
concurrent-20260816-185757-0424,29fd0036-6696-48a1-989a-c3864ad868e1
concurrent-20260816-185757-0422,928e5912-1202-4c0a-ae60-fe6db91899b9
concurrent-20260816-185757-0425,5683a221-af6c-4269-bdbf-098e65154ddc
concurrent-20260816-185757-0427,0dde213a-5d97-41a8-be91-cdb482f4dc91
concurrent-20260816-185757-0428,0ed6a26f-49e7-44a3-9873-708c0af4e6b8
concurrent-20260816-185757-0426,60c9a86b-8742-4e71-80f4-eadd58053211
concurrent-20260816-185757-0429,9fcb43f3-48bd-4d30-8061-8f32b72d0963
concurrent-20260816-185757-0432,b382b4a6-840c-427d-9fb9-a22cecfc9833
concurrent-20260816-185757-0430,af51e0c9-3b55-4b33-b857-90a3a6b0737d
concurrent-20260816-185757-0431,e7f486f2-37e0-45d8-abae-ac6cc296289c
concurrent-20260816-185757-0433,b22fc122-e42c-4ccd-81b2-58d836c0e350
concurrent-20260816-185757-0434,823c8fc0-f37c-44f0-9e81-019b571a93b6
concurrent-20260816-185757-0435,896eb905-5877-483d-806c-73c48ab23578
concurrent-20260816-185757-0436,2a0de340-33e9-4782-9f85-00344dcb1625
concurrent-20260816-185757-0437,a16f7c15-cd9c-48d1-9294-dc3b8ff7dcd4
concurrent-20260816-185757-0438,55e405d8-ac0f-461a-89a9-fc40fbfb1421
concurrent-20260816-185757-0439,3f3bd579-ddf2-4fd9-9b3c-5ef12bb973e2
concurrent-20260816-185757-0440,d3be8ec3-e4f7-4a09-a796-61c5b15c84b2
concurrent-20260816-185757-0442,b0cf6f09-1ed4-4b68-8d49-9bb115a9c600
concurrent-20260816-185757-0443,c5807d0a-cc33-4eac-8a3e-8441fdc1a4e8
concurrent-20260816-185757-0441,ffc7816c-9bfb-409e-a753-2113754aa150
concurrent-20260816-185757-0444,6db1ddd5-70ac-487f-af94-67fa8bd22551
concurrent-20260816-185757-0445,f639527e-a348-43a7-b0c5-1274a16a70e5
concurrent-20260816-185757-0446,f8322441-ef71-451a-9b32-f72abbc6ace0
concurrent-20260816-185757-0447,a54334f5-c15a-4f49-803e-087bad59a2a0
concurrent-20260816-185757-0448,65e21e39-061f-48b5-a78d-91ac55b6d48d
concurrent-20260816-185757-0449,9745ea10-8dd5-40ba-9949-a724b899a3cd
concurrent-20260816-185757-0450,f3db3734-9e42-4ad1-8007-7233f36a541f
concurrent-20260816-185757-0451,024e5ccc-07e5-470a-a397-1d3679cdadea
concurrent-20260816-185757-0452,1b59910d-a731-4547-8f14-f617bb316573
concurrent-20260816-185757-0454,7f015aa5-0e9e-4bf3-b95a-2dccdb02eff1
concurrent-20260816-185757-0453,4cbce95e-e61e-42f2-abbc-084a5382cf0f
concurrent-20260816-185757-0455,4014ce10-4114-4fff-b9db-b5d38a9f2d5d
concurrent-20260816-185757-0456,2a9d354d-2fad-4cb7-93df-fa81edf4f62f
concurrent-20260816-185757-0457,067e9fcc-5511-4ffa-8815-b2b2f0387dfb
concurrent-20260816-185757-0458,f5f1cb52-0436-4a95-8fde-e4a3c2f46450
concurrent-20260816-185757-0459,6bcf068d-640e-46ae-b4b2-8fd6ace575cc
concurrent-20260816-185757-0460,81fc72a9-1442-4125-afcc-38ea8442c8ae
concurrent-20260816-185757-0461,661a5e54-e09e-4bc9-8665-5e09049380eb
concurrent-20260816-185757-0462,cc2bb673-7138-415f-8299-a4007fd04894
concurrent-20260816-185757-0463,e0d2cfe6-7eed-431b-b3cd-bd14b4281942
concurrent-20260816-185757-0464,7b12ab56-1c6b-4f65-8705-84277cbb6675
concurrent-20260816-185757-0466,c3154549-cacc-450f-bcd4-568646c34847
concurrent-20260816-185757-0465,790c4a3a-f1d0-4433-97a3-c955199fa302
concurrent-20260816-185757-0467,2fb37dcf-e8b3-4583-8676-c45cbd5c867b
concurrent-20260816-185757-0468,2a7f40a8-c6dc-4164-a8f7-930415045f4d
concurrent-20260816-185757-0471,8a0ec3b1-3433-4981-bbc8-0c0efa17dfcc
concurrent-20260816-185757-0469,020b0878-258a-46a6-b265-3e2658390800
concurrent-20260816-185757-0470,01a6be0b-5a5e-47ab-a817-f75f586edb19
concurrent-20260816-185757-0472,1cd4f9e5-5fea-4cdd-80af-20863f32c897
concurrent-20260816-185757-0475,beab6548-1e7d-41ce-9bcf-1835105f23bf
concurrent-20260816-185757-0473,daf26154-fc24-40df-b7aa-19687dc09f0e
concurrent-20260816-185757-0474,4ef488a8-0a7f-46f0-981e-fd29b90f3857
concurrent-20260816-185757-0476,4a11f2f9-0d1d-448f-a08f-801368b7606e
concurrent-20260816-185757-0478,5b1fb366-e5c4-4ff3-aec5-87f56a99ad0e
concurrent-20260816-185757-0477,b0efcf27-4b38-408e-9a0e-cd39b58bd9e2
concurrent-20260816-185757-0479,d69db2ab-0713-4226-a61e-903028cfe3b5
concurrent-20260816-185757-0480,216cfb91-0432-475c-babe-34ecaad8b1f0
concurrent-20260816-185757-0483,85333250-30d6-4756-97e6-d9a6f7a5201e
concurrent-20260816-185757-0482,a13639dc-2f8a-40fc-8be1-6ecbe86e2ce2
concurrent-20260816-185757-0481,0603061e-a6b2-407d-b954-a011dc9bbec0
concurrent-20260816-185757-0484,dc3e1fea-c883-45c2-a650-70cde6fa4f46
concurrent-20260816-185757-0486,853a7fed-7549-4d81-af30-57ab3b88560b
concurrent-20260816-185757-0487,88d41481-9da7-47f6-b90f-c6d39c37b4b1
concurrent-20260816-185757-0485,997f6eea-eb69-43a5-85c8-76277ee31d33
concurrent-20260816-185757-0488,75482c5f-4f00-45d3-ad09-9ca655d133e6
concurrent-20260816-185757-0489,8da17623-d1bc-4092-83e0-de02ece5a19e
concurrent-20260816-185757-0491,c36e220f-2778-49a4-a3ec-30d4e7779ddf
concurrent-20260816-185757-0490,8261af93-fd95-4d2b-922b-381bd91afcc7
concurrent-20260816-185757-0492,8f4713ea-4094-4a34-bc7b-12648bbe15c2
concurrent-20260816-185757-0493,4faff008-8abc-4643-bdb4-f6ce8178fb2a
concurrent-20260816-185757-0494,3feeffc3-5407-4519-94db-4c2981d15cde
concurrent-20260816-185757-0495,3d3b4284-637b-4407-8062-e6e214f1e48a
concurrent-20260816-185757-0496,1b54e916-afc2-40e9-9929-8cdfac2ea3ce
concurrent-20260816-185757-0499,c681e128-3d48-4423-b193-ab8639ece38c
concurrent-20260816-185757-0498,ae9413fc-1c9d-416a-9943-af62c36b83ac
concurrent-20260816-185757-0497,6fe9c9de-8e1b-437f-98e0-de478a7e21b1
concurrent-20260816-185757-0500,6fb6a124-6b22-4e62-a0dd-294d410fc2dc
